Number,Title,State,Labels,Created At
25,[Refactor] 자동 생성된 이슈 #1961,open,,2026-01-08 12:45:24+00:00
24,[Refactor] 자동 생성된 이슈 #1629,open,,2026-01-08 12:45:23+00:00
23,[Bug] 자동 생성된 이슈 #2406,open,bug,2026-01-08 12:45:21+00:00
22,[Refactor] 자동 생성된 이슈 #4658,open,,2026-01-08 12:45:20+00:00
21,[Bug] 자동 생성된 이슈 #7660,open,bug,2026-01-08 12:45:19+00:00
20,[Docs] 자동 생성된 이슈 #9567,open,,2026-01-08 12:45:17+00:00
19,[Question] 자동 생성된 이슈 #8138,open,,2026-01-08 12:45:16+00:00
18,[Docs] 자동 생성된 이슈 #9846,open,,2026-01-08 12:45:15+00:00
17,[Docs] 자동 생성된 이슈 #3485,open,,2026-01-08 12:45:14+00:00
16,[Refactor] 자동 생성된 이슈 #5611,open,,2026-01-08 12:45:12+00:00
15,[Feature] 자동 생성된 이슈 #9481,open,enhancement,2026-01-08 12:42:55+00:00
14,[Feature] 자동 생성된 이슈 #4147,open,enhancement,2026-01-08 12:42:54+00:00
13,[Bug] 자동 생성된 이슈 #3775,open,bug,2026-01-08 12:42:52+00:00
12,[Question] 자동 생성된 이슈 #1386,open,,2026-01-08 12:42:51+00:00
11,[Question] 자동 생성된 이슈 #8170,open,,2026-01-08 12:42:49+00:00
10,[Refactor] 자동 생성된 이슈 #4082,open,,2026-01-08 12:42:48+00:00
9,[Docs] 자동 생성된 이슈 #6122,open,,2026-01-08 12:42:47+00:00
8,[Docs] 자동 생성된 이슈 #2617,open,,2026-01-08 12:42:45+00:00
7,[Bug] 자동 생성된 이슈 #8143,open,bug,2026-01-08 12:42:44+00:00
6,[Feature] 자동 생성된 이슈 #3236,open,enhancement,2026-01-08 12:42:43+00:00
5,[Feature] 소셜 로그인 기능 추가 - AutoGen #5,open,enhancement,2026-01-08 12:39:10+00:00
4,[Docs] 리드미 파일 업데이트 요청 - AutoGen #4,open,,2026-01-08 12:39:08+00:00
3,[Feature] 소셜 로그인 기능 추가 - AutoGen #3,open,,2026-01-08 12:39:07+00:00
2,[Bug] 결제 시스템 오류 발생 - AutoGen #2,open,,2026-01-08 12:39:06+00:00
1,[Feature] 소셜 로그인 기능 추가 - AutoGen #1,open,,2026-01-08 12:39:04+00:00
